,user id
0,0GJ0vzgFeIWedi3bTlmNXdWw0Qd2
1,2BIBN8PbtIRzILF5y973CpwRjCj1
2,32AEJlEyyZQx9xbOlYyEkiq04C23
3,6rK8ITayziPkD3rThl2eCnkcTlG3
4,6z1kJ4cJ92ff5Tl7wEr0wMFkvoH3
5,9WkvDocck6VXUTinAARzbBqYzVC3
6,9lhp0MIhZbgDKDzYUQ8CKFTHeBb2
7,DIYTOfWNXrRv4pOyVrH9PeXywdo2
8,E6OwAHhc8SMvHqGNSlUVpPToUM32
9,Fl5rQDnjpHNADwZ3lPRvYo7tA2f2
10,LQqppVFKbeYkJKX0j9OOSfQ5fzy1
11,LkNwjm3OtlSdWnFBlgpUxTTINvj1
12,MgR266qmCCRe5u26SHUpdMkSSvE3
13,NC1TWW7PWkXSPJAvK07lyNEUWd53
14,OiBKlFk50uWm6AjLMbaigXhrsOb2
15,OrVV2pGoXUh5oGs97nn6UC13TKS2
16,VkcuR25z2hYuDIxYgEvtYKjZrwS2
17,cBUljslhysPrydSekqU8pWTx69o2
18,f61SusxeqNamahMyofCaytWgMsi2
19,fTxD7yHvsGgHyJzpC2oexLpWsmh1
20,tyV1UFX0VWZoIEU3cxUFrTUswQf1
21,zwDvjrxbwXR6wQrcgsbDuxkjpsc2
